model,n_hyperparams,jax_fwd_time_mean,jax_fwd_time_std,cupy_eval_time_mean,cupy_eval_time_std,ratio_cupy_over_jax,n_runs
ap1,15,0.000000,0.000000,15.936682,0.029870,0.00,5
wa1,15,166.747250,1.730922,0.000000,0.000000,0.00,5
ap1,15,206.126910,1.217306,0.000000,0.000000,0.00,5
wa2,15,227.306961,1.684951,0.000000,0.000000,0.00,5
wa2,15,0.000000,0.000000,21.833352,0.015968,0.00,5
wa1,15,0.000000,0.000000,8.656193,0.367084,0.00,5
