model,n_hyperparams,jax_fwd_time_mean,jax_fwd_time_std,cupy_eval_time_mean,cupy_eval_time_std,ratio_cupy_over_jax,n_runs
gst_coreg2_small,9,0.087040,0.001488,0.508132,0.003372,5.84,10
gst_coreg3_small,15,0.100024,0.002639,0.816479,0.011643,8.16,10
gst_large,4,7.420819,0.004268,6.251552,0.002462,0.84,10
sa1,15,9.710834,0.010390,8.543703,0.008549,0.88,10
gst_small,4,0.003321,0.000040,0.036820,0.000871,11.09,10
gst_medium,4,0.358972,0.004918,0.296832,0.000488,0.83,10
