model,d,nodes,jit_type,n_iters_fd,n_iters_ad,t_per_grad_fd,t_per_grad_ad,t_jit_ad,t_hessian_fd,t_hessian_ad,t_optim_fd,t_optim_ad,t_total_fd,t_total_ad,speedup_optim,speedup_hessian,speedup_total
GST-S,4,1,monolithic,22,22,0.371802,0.007307,0.000000,1.3633,0.0585,8.1796,0.1608,9.5429,0.2192,50.9,23.3,43.5
GST-M,4,1,monolithic,33,33,2.710213,0.690828,0.000000,9.9374,5.5266,89.4370,22.7973,99.3745,28.3239,3.9,1.8,3.5
GST-L,4,1,monolithic,40,40,56.308629,23.410407,0.000000,206.4650,187.2833,2252.3452,936.4163,2458.8101,1123.6995,2.4,1.1,2.2
GST-C2,9,1,monolithic,32,32,1.274556,0.080134,0.000000,10.9343,1.4424,40.7858,2.5643,51.7201,4.0067,15.9,7.6,12.9
GST-C3,15,1,monolithic,94,106,2.941873,0.096791,0.000000,42.7995,2.9037,311.8385,10.2598,354.6380,13.1636,30.4,14.7,26.9
SA1,15,1,monolithic,193,193,253.321300,32.108000,0.000000,3685.4163,963.2400,48891.0109,6196.8440,52576.4272,7160.0840,7.9,3.8,7.3
WA1,15,4,two-phase,40,40,205.314600,31.911800,0.000000,2900.0687,957.3540,8212.5840,1276.4720,11112.6527,2233.8260,6.4,3.0,5.0
AP1,15,4,two-phase,20,20,479.375900,114.966100,0.000000,6771.1846,3448.9830,9587.5180,2299.3220,16358.7026,5748.3050,4.2,2.0,2.8
WA2,15,4,two-phase,40,40,631.856900,138.375700,0.000000,8924.9787,4151.2710,25274.2760,5535.0280,34199.2547,9686.2990,4.6,2.1,3.5
