model,n_hyperparams,jax_fwd_time_mean,jax_fwd_time_std,cupy_eval_time_mean,cupy_eval_time_std,ratio_cupy_over_jax,n_runs
gst_large,4,7.224897,0.001262,6.255535,0.001374,0.87,10
gst_medium,4,0.303470,0.001082,0.295372,0.001046,0.97,10
gst_coreg3_small,15,0.033273,0.000038,0.082798,0.000330,2.49,10
gst_coreg2_small,9,0.031965,0.000093,0.063337,0.000132,1.98,10
gst_small,4,0.002622,0.000011,0.029449,0.000490,11.23,10
sa1,15,9.445122,0.002983,8.259756,0.001415,0.87,10
