model,n_hyperparams,jax_fwd_time_mean,jax_fwd_time_std,cupy_eval_time_mean,cupy_eval_time_std,ratio_cupy_over_jax,n_runs
ap1,15,132.618218,1.246590,15.232690,0.017178,0.11,5
wa1,15,28.641806,0.584002,6.676443,0.008986,0.23,5
wa2,15,155.010395,2.032358,20.684381,0.018208,0.13,5
