model,n_hyperparams,jax_fwd_time_mean,jax_fwd_time_std,cupy_eval_time_mean,cupy_eval_time_std,ratio_cupy_over_jax,n_runs
gst_small,4,0.002687,0.000011,0.033352,0.000539,12.41,10
gst_coreg2_small,9,0.032243,0.000111,0.069621,0.000319,2.16,10
gst_medium,4,0.303245,0.000100,0.302056,0.000405,1.00,10
gst_coreg3_small,15,0.033292,0.000037,0.092994,0.000624,2.79,10
gst_large,4,7.233065,0.002618,6.264133,0.005050,0.87,10
sa1,15,9.512220,0.004700,8.239885,0.007629,0.87,10
bst_rainfall,3,2.637569,0.000918,0.000000,0.000000,0.00,10
gst_temperature,4,5.752779,0.010976,5.059100,0.003582,0.88,10
